[
  {
    "id": "8c8813d4-4ddd-4383-980d-475390df3a6d",
    "data": [
      {
        "text": "Personen hinzufügen",
        "userDefined": false
      }
    ],
    "isTemplate": false,
    "count": 0,
    "updated": 1546987382
  },
  {
    "id": "0e8d1275-a63f-43ac-91f4-2a39b9e4ac15",
    "data": [
      {
        "text": "weitere Personen.",
        "userDefined": false
      }
    ],
    "isTemplate": false,
    "count": 0,
    "updated": 1546987382
  },
  {
    "id": "329f0097-56b9-4dda-a076-1e3971fbd1f6",
    "data": [
      {
        "text": "füge ",
        "userDefined": false
      },
      {
        "text": "eine",
        "meta": "@sys.ignore",
        "userDefined": false
      },
      {
        "text": " Person hinzu.",
        "userDefined": false
      }
    ],
    "isTemplate": false,
    "count": 0,
    "updated": 1546987382
  },
  {
    "id": "e99d98cd-9a28-4c42-888c-65cdf9d023d4",
    "data": [
      {
        "text": "füge Personen hinzu.",
        "userDefined": false
      }
    ],
    "isTemplate": false,
    "count": 0,
    "updated": 1546987382
  }
]