[
  {
    "id": "bb32ea50-09da-4b40-add1-556af2dadb71",
    "data": [
      {
        "text": "add persons",
        "userDefined": false
      }
    ],
    "isTemplate": false,
    "count": 0,
    "updated": 1546987309
  },
  {
    "id": "f99ebdb1-1149-4e52-8319-d752112e2db7",
    "data": [
      {
        "text": " add a person",
        "userDefined": false
      }
    ],
    "isTemplate": false,
    "count": 0,
    "updated": 1546987309
  },
  {
    "id": "6cce9a24-84ce-434f-8747-51aeb2084b24",
    "data": [
      {
        "text": "add somebody",
        "userDefined": false
      }
    ],
    "isTemplate": false,
    "count": 0,
    "updated": 1546987309
  },
  {
    "id": "00d90bb7-3f9b-451e-8482-476b76bb4d42",
    "data": [
      {
        "text": "add people",
        "userDefined": false
      }
    ],
    "isTemplate": false,
    "count": 0,
    "updated": 1546987309
  }
]