[
  {
    "id": "d457436c-fcb0-46da-9226-f201e65c2fe3",
    "data": [
      {
        "text": "change number of teams",
        "userDefined": false
      }
    ],
    "isTemplate": false,
    "count": 0,
    "updated": 1546986656
  },
  {
    "id": "689d0892-bc28-40c9-b35a-9a68acd17dd8",
    "data": [
      {
        "text": "change count of teams",
        "userDefined": false
      }
    ],
    "isTemplate": false,
    "count": 0,
    "updated": 1546986656
  },
  {
    "id": "a78ecbb4-9cb4-4110-904d-fd9dc9eeddd3",
    "data": [
      {
        "text": "change team count",
        "userDefined": false
      }
    ],
    "isTemplate": false,
    "count": 0,
    "updated": 1546986656
  }
]