[
  {
    "id": "40d14da2-80e7-4425-b359-2dcb971642ff",
    "data": [
      {
        "text": "ändere die Teamanzahl.",
        "userDefined": false
      }
    ],
    "isTemplate": false,
    "count": 0,
    "updated": 1546986779
  },
  {
    "id": "cb49933a-50f5-4981-a8f0-e571f173a44d",
    "data": [
      {
        "text": "Anzahl der Teams ändern",
        "userDefined": false
      }
    ],
    "isTemplate": false,
    "count": 0,
    "updated": 1546986779
  },
  {
    "id": "bbacc749-7e94-4e29-8674-f6610ec38c56",
    "data": [
      {
        "text": "neue Teamanzahl.",
        "userDefined": false
      }
    ],
    "isTemplate": false,
    "count": 0,
    "updated": 1546986779
  },
  {
    "id": "9050cc7a-6e1d-4b47-b42a-08f17b9380e2",
    "data": [
      {
        "text": "Teamanzahl ändern.",
        "userDefined": false
      }
    ],
    "isTemplate": false,
    "count": 0,
    "updated": 1546986779
  }
]