[
  {
    "id": "7213e919-ee2f-43c8-b648-9bb15fa35f6b",
    "data": [
      {
        "text": "in ",
        "userDefined": false
      },
      {
        "text": "2",
        "alias": "number",
        "meta": "@sys.number",
        "userDefined": false
      },
      {
        "text": " Teams",
        "userDefined": false
      }
    ],
    "isTemplate": false,
    "count": 0,
    "updated": 1546986895
  },
  {
    "id": "55de2ad5-15f5-48ff-af61-5f0c51a8c4ee",
    "data": [
      {
        "text": "3",
        "alias": "number",
        "meta": "@sys.number",
        "userDefined": false
      }
    ],
    "isTemplate": false,
    "count": 0,
    "updated": 1546986895
  },
  {
    "id": "c09fb89d-4d20-4400-b0fe-b613d1814bc8",
    "data": [
      {
        "text": "in ",
        "userDefined": false
      },
      {
        "text": "1",
        "alias": "number",
        "meta": "@sys.number",
        "userDefined": false
      },
      {
        "text": " Team",
        "userDefined": false
      }
    ],
    "isTemplate": false,
    "count": 0,
    "updated": 1546986895
  },
  {
    "id": "35015803-c4b0-4d57-bec3-96d60870315b",
    "data": [
      {
        "text": "in ",
        "userDefined": false
      },
      {
        "text": "zwei",
        "alias": "number",
        "meta": "@sys.number",
        "userDefined": false
      },
      {
        "text": " Teams",
        "userDefined": false
      }
    ],
    "isTemplate": false,
    "count": 0,
    "updated": 1546986895
  },
  {
    "id": "ae752dd3-e08e-4fce-96c6-905d20ce7f9f",
    "data": [
      {
        "text": "in ",
        "userDefined": false
      },
      {
        "text": "ein",
        "alias": "number",
        "meta": "@sys.number",
        "userDefined": false
      },
      {
        "text": " Team",
        "userDefined": false
      }
    ],
    "isTemplate": false,
    "count": 0,
    "updated": 1546986895
  },
  {
    "id": "f0dd7dc4-1cfe-4e39-8d98-5861684e6955",
    "data": [
      {
        "text": "2",
        "alias": "number",
        "meta": "@sys.number",
        "userDefined": false
      }
    ],
    "isTemplate": false,
    "count": 0,
    "updated": 1546986895
  },
  {
    "id": "6756001e-ca70-4cd2-b95e-a9f944d3b1d2",
    "data": [
      {
        "text": "1",
        "alias": "number",
        "meta": "@sys.number",
        "userDefined": false
      }
    ],
    "isTemplate": false,
    "count": 0,
    "updated": 1546986895
  },
  {
    "id": "d8a594f0-3498-43e8-9fba-c9156227b54f",
    "data": [
      {
        "text": "4",
        "alias": "number",
        "meta": "@sys.number",
        "userDefined": false
      }
    ],
    "isTemplate": false,
    "count": 0,
    "updated": 1546986895
  }
]