[
  {
    "id": "dedc785a-f32e-4105-ac39-14e3651e12eb",
    "data": [
      {
        "text": "remove persons",
        "userDefined": false
      }
    ],
    "isTemplate": false,
    "count": 0,
    "updated": 1546988126
  },
  {
    "id": "c539d9aa-267c-4739-91b9-b4f74e60be85",
    "data": [
      {
        "text": "remove person",
        "userDefined": false
      }
    ],
    "isTemplate": false,
    "count": 0,
    "updated": 1546988126
  },
  {
    "id": "77637780-6d76-44f5-af02-115f7a91fcb1",
    "data": [
      {
        "text": "remove names",
        "userDefined": false
      }
    ],
    "isTemplate": false,
    "count": 0,
    "updated": 1546988126
  },
  {
    "id": "4959cf32-2b13-450f-b5cf-9c8bb35ed294",
    "data": [
      {
        "text": "delete name",
        "userDefined": false
      }
    ],
    "isTemplate": false,
    "count": 0,
    "updated": 1546988126
  },
  {
    "id": "d9668d3b-ce37-472a-940d-ad7196a0b311",
    "data": [
      {
        "text": "remove name",
        "userDefined": false
      }
    ],
    "isTemplate": false,
    "count": 0,
    "updated": 1546988126
  },
  {
    "id": "fa645df0-8d4a-459b-9bd9-2f401958164c",
    "data": [
      {
        "text": "delete names",
        "userDefined": false
      }
    ],
    "isTemplate": false,
    "count": 0,
    "updated": 1546988126
  },
  {
    "id": "5e7d8865-f3dc-43d7-8416-efa44612c5d7",
    "data": [
      {
        "text": "remove people",
        "userDefined": false
      }
    ],
    "isTemplate": false,
    "count": 0,
    "updated": 1546988126
  }
]