[
  {
    "id": "f386190d-954d-4aa5-afe6-9977191ac65c",
    "data": [
      {
        "text": "Name entfernen",
        "userDefined": false
      }
    ],
    "isTemplate": false,
    "count": 0,
    "updated": 1546988064
  },
  {
    "id": "855048d0-aaec-4451-b44f-8c2e1fcfa682",
    "data": [
      {
        "text": "Namen entfernen",
        "userDefined": false
      }
    ],
    "isTemplate": false,
    "count": 0,
    "updated": 1546988064
  },
  {
    "id": "ad16c9df-a296-4cd8-b2e6-56953d3383c4",
    "data": [
      {
        "text": "Person löschen",
        "userDefined": false
      }
    ],
    "isTemplate": false,
    "count": 0,
    "updated": 1546988064
  },
  {
    "id": "b0f39822-ec4b-4358-a55f-e2d361ac413f",
    "data": [
      {
        "text": "Personen entfernen",
        "userDefined": false
      }
    ],
    "isTemplate": false,
    "count": 0,
    "updated": 1546988064
  },
  {
    "id": "d7fb37c1-de48-4e00-8b68-a8659081d59f",
    "data": [
      {
        "text": "Name löschen",
        "userDefined": false
      }
    ],
    "isTemplate": false,
    "count": 0,
    "updated": 1546988064
  },
  {
    "id": "f9f10721-e0a7-4142-91a1-daab8494dbb3",
    "data": [
      {
        "text": "lösche ",
        "userDefined": false
      },
      {
        "text": "eine",
        "meta": "@sys.ignore",
        "userDefined": false
      },
      {
        "text": " Person",
        "userDefined": false
      }
    ],
    "isTemplate": false,
    "count": 0,
    "updated": 1546988064
  },
  {
    "id": "ade526e0-402d-401b-a9de-bb1a0b02a89e",
    "data": [
      {
        "text": "Person entfernen",
        "userDefined": false
      }
    ],
    "isTemplate": false,
    "count": 0,
    "updated": 1546988064
  },
  {
    "id": "25abc030-a259-406e-a058-93ce2ebec4a7",
    "data": [
      {
        "text": "Namen löschen",
        "userDefined": false
      }
    ],
    "isTemplate": false,
    "count": 0,
    "updated": 1546988064
  }
]