[
  {
    "id": "ee76c894-e0b0-4a7e-8ce9-c74119cc4247",
    "data": [
      {
        "text": "mische die Teams",
        "userDefined": false
      }
    ],
    "isTemplate": false,
    "count": 0,
    "updated": 1546986227
  },
  {
    "id": "5d9a6f48-8913-4c88-ad22-0468a56450f3",
    "data": [
      {
        "text": "mische die Teams durch.",
        "userDefined": false
      }
    ],
    "isTemplate": false,
    "count": 0,
    "updated": 1546986227
  },
  {
    "id": "49cbf2bf-29ff-44f7-b5f8-7822725b437c",
    "data": [
      {
        "text": "mische.",
        "userDefined": false
      }
    ],
    "isTemplate": false,
    "count": 0,
    "updated": 1546986227
  },
  {
    "id": "a049d9da-8cb2-47e3-bbfa-ede668951df1",
    "data": [
      {
        "text": "generiere noch einmal.",
        "userDefined": false
      }
    ],
    "isTemplate": false,
    "count": 0,
    "updated": 1546986227
  },
  {
    "id": "f55b553e-2707-4963-85e0-a1f9ff3a1ce2",
    "data": [
      {
        "text": "nochmal.",
        "userDefined": false
      }
    ],
    "isTemplate": false,
    "count": 0,
    "updated": 1546986227
  }
]