[
  {
    "id": "f5afdf17-ef91-4b18-9404-f4565edfd4b9",
    "data": [
      {
        "text": "shuffle",
        "userDefined": false
      }
    ],
    "isTemplate": false,
    "count": 0,
    "updated": 1546986254
  },
  {
    "id": "2b8b98a6-05bf-42a6-ae20-0bac86cceadf",
    "data": [
      {
        "text": "randomize",
        "userDefined": false
      }
    ],
    "isTemplate": false,
    "count": 0,
    "updated": 1546986254
  },
  {
    "id": "d2cc869f-a88d-489a-b7e7-b933989a35ae",
    "data": [
      {
        "text": "shuffle the teams.",
        "userDefined": false
      }
    ],
    "isTemplate": false,
    "count": 0,
    "updated": 1546986254
  },
  {
    "id": "353394f5-24e4-4d8c-a343-1d86c0466ff5",
    "data": [
      {
        "text": "generate again.",
        "userDefined": false
      }
    ],
    "isTemplate": false,
    "count": 0,
    "updated": 1546986254
  }
]