[
  {
    "id": "82106caa-15b0-4918-9061-a1f0329db047",
    "data": [
      {
        "text": "Erschaffe ",
        "userDefined": false
      },
      {
        "text": "ein",
        "meta": "@sys.ignore",
        "userDefined": false
      },
      {
        "text": " Team.",
        "userDefined": false
      }
    ],
    "isTemplate": false,
    "count": 0,
    "updated": 1546985388
  },
  {
    "id": "b698765c-fa21-4c31-ba14-62c48c976dc6",
    "data": [
      {
        "text": "Mache ",
        "userDefined": false
      },
      {
        "text": "ein",
        "meta": "@sys.ignore",
        "userDefined": false
      },
      {
        "text": " Team.",
        "userDefined": false
      }
    ],
    "isTemplate": false,
    "count": 0,
    "updated": 1546985388
  },
  {
    "id": "83570618-2e96-4d52-b488-e9f1d8346ebe",
    "data": [
      {
        "text": "generiere ein neues Team",
        "userDefined": false
      }
    ],
    "isTemplate": false,
    "count": 0,
    "updated": 1546991987
  },
  {
    "id": "b2274022-e879-4726-9a23-f18ca95cdcc3",
    "data": [
      {
        "text": "Generiere ",
        "userDefined": false
      },
      {
        "text": "ein",
        "meta": "@sys.ignore",
        "userDefined": false
      },
      {
        "text": " Team.",
        "userDefined": false
      }
    ],
    "isTemplate": false,
    "count": 0,
    "updated": 1546985388
  }
]