[
  {
    "id": "f7e68166-8530-440a-9d39-a44a19d978f6",
    "data": [
      {
        "text": "generate a team",
        "userDefined": false
      }
    ],
    "isTemplate": false,
    "count": 0,
    "updated": 1546985453
  },
  {
    "id": "c374ef69-1df3-4726-b5ac-26294062a36c",
    "data": [
      {
        "text": "make a team",
        "userDefined": false
      }
    ],
    "isTemplate": false,
    "count": 0,
    "updated": 1546985453
  },
  {
    "id": "cc969ba9-d1e9-43fd-ad31-5968c680c53f",
    "data": [
      {
        "text": "make a new team",
        "userDefined": false
      }
    ],
    "isTemplate": false,
    "count": 0,
    "updated": 1546985453
  },
  {
    "id": "340b7d63-7621-4475-8a34-929347f7b7a0",
    "data": [
      {
        "text": "generate a new team",
        "userDefined": false
      }
    ],
    "isTemplate": false,
    "count": 1,
    "updated": 1546985453
  }
]